congestion_level,Unsafe_Count,Total_Count,Unsafe_Rate
High,996,1738,57.307249712313
Low,959,1626,58.97908979089791
Medium,936,1636,57.21271393643031
