Metric,Random Forest,Gradient Boosting
Accuracy,0.959,0.954
Precision,1.0,0.9907749077490775
Recall,0.9290657439446367,0.9290657439446367
F1-Score,0.9632286995515695,0.9589285714285715
ROC-AUC,0.9667877466012891,0.965656209514751
