vehicle_type,Unsafe_Count,Total_Count,Unsafe_Rate
2W,782,1366,57.24743777452416
3W,675,1166,57.89022298456261
Bus,727,1255,57.928286852589636
Car,707,1213,58.28524319868096
